Source,Target,Type,Weight,book
AEGON,DAENERYS,UNDIRECTED,4,5
AEGON-(SON-OF-RHAEGAR),DAENERYS,UNDIRECTED,11,5
AEGON-(SON-OF-RHAEGAR),ELIA,UNDIRECTED,4,5
AEGON-(SON-OF-RHAEGAR),FRANKLYN-FLOWERS,UNDIRECTED,3,5
AEGON-(SON-OF-RHAEGAR),HALDON,UNDIRECTED,14,5
AEGON-(SON-OF-RHAEGAR),HARRY-STRICKLAND,UNDIRECTED,9,5
AEGON-(SON-OF-RHAEGAR),JON-CONNINGTON,UNDIRECTED,16,5
AEGON-(SON-OF-RHAEGAR),LEMORE,UNDIRECTED,10,5
AEGON-(SON-OF-RHAEGAR),RHAEGAR,UNDIRECTED,9,5
AEGON-(SON-OF-RHAEGAR),RHAENYS-(DAUGHTER-OF-RHAEGAR),UNDIRECTED,4,5
AEGON-(SON-OF-RHAEGAR),ROLLY-DUCKFIELD,UNDIRECTED,11,5
AEGON-(SON-OF-RHAEGAR),TYRION,UNDIRECTED,23,5
AEGON-(SON-OF-RHAEGAR),TYWIN,UNDIRECTED,3,5
AEGON-(SON-OF-RHAEGAR),VISERYS,UNDIRECTED,3,5
AEGON-(SON-OF-RHAEGAR),YANDRY,UNDIRECTED,6,5
AEGON-(SON-OF-RHAEGAR),YSILLA,UNDIRECTED,4,5
MAESTER_AEMON,CLYDAS,UNDIRECTED,7,5
MAESTER_AEMON,GILLY,UNDIRECTED,3,5
MAESTER_AEMON,JON,UNDIRECTED,12,5
MAESTER_AEMON,SAM,UNDIRECTED,16,5
MAESTER_AEMON,STANNIS,UNDIRECTED,3,5
AENYS,HOSTEEN,UNDIRECTED,6,5
AENYS,THEON,UNDIRECTED,3,5
AENYS,WYMAN-MANDERLY,UNDIRECTED,4,5
AERON,EURON,UNDIRECTED,4,5
AERON,VICTARION,UNDIRECTED,3,5
AERYS,RHAEGAR,UNDIRECTED,5,5
AERYS,ROBERT,UNDIRECTED,5,5
AERYS,TYWIN,UNDIRECTED,6,5
AGGO,BARRISTAN,UNDIRECTED,3,5
AGGO,DAARIO,UNDIRECTED,4,5
AGGO,DAENERYS,UNDIRECTED,9,5
AGGO,GREY_WORM,UNDIRECTED,5,5
AGGO,JHOGO,UNDIRECTED,6,5
AGGO,RAKHARO,UNDIRECTED,9,5
ALLISER_THORNE,JON,UNDIRECTED,6,5
ALYS,JON,UNDIRECTED,13,5
ALYS,MELISANDRE,UNDIRECTED,6,5
ALYS,SIGORN,UNDIRECTED,5,5
ALYSANE,ASHA,UNDIRECTED,18,5
ALYSANE,JUSTIN-MASSEY,UNDIRECTED,5,5
ALYSANE,STANNIS,UNDIRECTED,5,5
ARCHIBALD-YRONWOOD,CLETUS-YRONWOOD,UNDIRECTED,5,5
ARCHIBALD-YRONWOOD,GERRIS-DRINKWATER,UNDIRECTED,13,5
ARCHIBALD-YRONWOOD,QUENTYN,UNDIRECTED,21,5
ARCHIBALD-YRONWOOD,TATTERED-PRINCE,UNDIRECTED,4,5
AREO-HOTAH,ARIANNE,UNDIRECTED,11,5
AREO-HOTAH,ARYS-OAKHEART,UNDIRECTED,4,5
AREO-HOTAH,BALON-SWANN,UNDIRECTED,4,5
AREO-HOTAH,DORAN,UNDIRECTED,12,5
AREO-HOTAH,ELLARIA,UNDIRECTED,3,5
AREO-HOTAH,OBARA,UNDIRECTED,6,5
ARIANNE,BALON-SWANN,UNDIRECTED,5,5
ARIANNE,DORAN,UNDIRECTED,11,5
ARIANNE,ELLARIA,UNDIRECTED,3,5
ARIANNE,MYRCELLA,UNDIRECTED,4,5
ARIANNE,OBARA,UNDIRECTED,5,5
ARNOLF,ARTHOR,UNDIRECTED,3,5
ARNOLF,ASHA,UNDIRECTED,3,5
ARNOLF,MORS-UMBER,UNDIRECTED,4,5
ARNOLF,RICKARD,UNDIRECTED,3,5
ARNOLF,STANNIS,UNDIRECTED,7,5
ARRON,EMRICK,UNDIRECTED,6,5
ARRON,HARETH-(MOLES-TOWN),UNDIRECTED,4,5
ARRON,SATIN,UNDIRECTED,4,5
ARYA,BRAN,UNDIRECTED,7,5
ARYA,BRUSCO,UNDIRECTED,4,5
ARYA,NED,UNDIRECTED,4,5
ARYA,JEYNE-POOLE,UNDIRECTED,4,5
ARYA,JON,UNDIRECTED,12,5
ARYA,KINDLY-MAN,UNDIRECTED,4,5
ARYA,MANCE,UNDIRECTED,3,5
ARYA,MELISANDRE,UNDIRECTED,4,5
ARYA,RAMSAY,UNDIRECTED,5,5
ARYA,SANSA,UNDIRECTED,4,5
ARYA,THEON,UNDIRECTED,7,5
ARYA,WAIF,UNDIRECTED,3,5
ARYS-OAKHEART,GEROLD-DAYNE,UNDIRECTED,3,5
ASHA,CLAYTON-SUGGS,UNDIRECTED,4,5
ASHA,EURON,UNDIRECTED,4,5
ASHA,GALBART_GLOVER,UNDIRECTED,8,5
ASHA,GODRY-FARRING,UNDIRECTED,3,5
ASHA,GRIMTONGUE,UNDIRECTED,3,5
ASHA,HAGEN,UNDIRECTED,3,5
ASHA,JUSTIN-MASSEY,UNDIRECTED,15,5
ASHA,QARL-THE-MAID,UNDIRECTED,8,5
ASHA,ROBERT,UNDIRECTED,4,5
ASHA,ROLFE-THE-DWARF,UNDIRECTED,3,5
ASHA,STANNIS,UNDIRECTED,16,5
ASHA,SYBELLE-GLOVER,UNDIRECTED,3,5
ASHA,THEON,UNDIRECTED,7,5
ASHA,TORGON-GREYIRON,UNDIRECTED,3,5
ASHA,TRISTIFER-BOTLEY,UNDIRECTED,12,5
ASHA,TYCHO-NESTORIS,UNDIRECTED,3,5
ASHARA-DAYNE,ELIA,UNDIRECTED,3,5
AXELL_FLORENT,JON,UNDIRECTED,4,5
AXELL_FLORENT,MELISANDRE,UNDIRECTED,5,5
AXELL_FLORENT,SELYSE-FLORENT,UNDIRECTED,8,5
AXELL_FLORENT,SHIREEN,UNDIRECTED,3,5
AXELL_FLORENT,STANNIS,UNDIRECTED,3,5
AZOR-AHAI,STANNIS,UNDIRECTED,3,5
BALON,EURON,UNDIRECTED,3,5
BALON,THEON,UNDIRECTED,3,5
BALON-SWANN,DORAN,UNDIRECTED,11,5
BALON-SWANN,GEROLD-DAYNE,UNDIRECTED,3,5
BALON-SWANN,MYRCELLA,UNDIRECTED,4,5
BALON-SWANN,TYRION,UNDIRECTED,3,5
BARBREY-DUSTIN,JEYNE-POOLE,UNDIRECTED,5,5
BARBREY-DUSTIN,RAMSAY,UNDIRECTED,5,5
BARBREY-DUSTIN,ROGER-RYSWELL,UNDIRECTED,4,5
BARBREY-DUSTIN,ROOSE_BOLTON,UNDIRECTED,3,5
BARBREY-DUSTIN,STANNIS,UNDIRECTED,3,5
BARBREY-DUSTIN,THEON,UNDIRECTED,17,5
BARRISTAN,BELWAS,UNDIRECTED,9,5
BARRISTAN,BEN-PLUMM,UNDIRECTED,4,5
BARRISTAN,BLOODBEARD,UNDIRECTED,3,5
BARRISTAN,DAARIO,UNDIRECTED,18,5
BARRISTAN,DAENERYS,UNDIRECTED,75,5
BARRISTAN,GALAZZA-GALARE,UNDIRECTED,5,5
BARRISTAN,GERRIS-DRINKWATER,UNDIRECTED,4,5
BARRISTAN,GRAZHAR,UNDIRECTED,3,5
BARRISTAN,GREY_WORM,UNDIRECTED,6,5
BARRISTAN,GROLEO,UNDIRECTED,8,5
BARRISTAN,HIZDAHR,UNDIRECTED,42,5
BARRISTAN,JHOGO,UNDIRECTED,3,5
BARRISTAN,KHRAZZ,UNDIRECTED,8,5
BARRISTAN,LARRAQ,UNDIRECTED,3,5
BARRISTAN,MISSANDEI,UNDIRECTED,8,5
BARRISTAN,QUENTYN,UNDIRECTED,22,5
BARRISTAN,REZNAK-MO-REZNAK,UNDIRECTED,7,5
BARRISTAN,RHAEGAR,UNDIRECTED,3,5
BARRISTAN,SKAHAZ-MO-KANDAQ,UNDIRECTED,21,5
BARRISTAN,STEELSKIN,UNDIRECTED,3,5
BARRISTAN,TYRION,UNDIRECTED,3,5
BARRISTAN,VARYS,UNDIRECTED,3,5
BARRISTAN,WIDOWER,UNDIRECTED,3,5
BARRISTAN,XARO-XHOAN-DAXOS,UNDIRECTED,3,5
BARSENA,DAENERYS,UNDIRECTED,4,5
BARTIMUS,DAVOS-SEAWORTH,UNDIRECTED,4,5
BELAQUO,GOGHOR-THE-GIANT,UNDIRECTED,7,5
BELAQUO,HIZDAHR,UNDIRECTED,3,5
BELAQUO,IRRI,UNDIRECTED,3,5
BELAQUO,SPOTTED-CAT,UNDIRECTED,5,5
BELWAS,DAENERYS,UNDIRECTED,13,5
BELWAS,HIZDAHR,UNDIRECTED,11,5
BELWAS,QUENTYN,UNDIRECTED,3,5
BELWAS,SKAHAZ-MO-KANDAQ,UNDIRECTED,3,5
BEN-BONES,RAMSAY,UNDIRECTED,5,5
BEN-BONES,THEON,UNDIRECTED,4,5
BEN-PLUMM,DAARIO,UNDIRECTED,9,5
BEN-PLUMM,DAENERYS,UNDIRECTED,14,5
BEN-PLUMM,HIZDAHR,UNDIRECTED,3,5
BEN-PLUMM,KASPORIO,UNDIRECTED,3,5
BEN-PLUMM,PENNY,UNDIRECTED,3,5
BEN-PLUMM,TYBERO-ISTARION,UNDIRECTED,5,5
BEN-PLUMM,TYRION,UNDIRECTED,4,5
BENERRO,DAENERYS,UNDIRECTED,3,5
BENERRO,HALDON,UNDIRECTED,4,5
BENERRO,MOQORRO,UNDIRECTED,4,5
BENERRO,TYRION,UNDIRECTED,7,5
BENETHON-SCALES,NARBERT-GRANDISON,UNDIRECTED,3,5
BENETHON-SCALES,SELYSE-FLORENT,UNDIRECTED,4,5
BENJEN,JON,UNDIRECTED,4,5
BLACK-BALAQ,FRANKLYN-FLOWERS,UNDIRECTED,3,5
BLOODBEARD,DAENERYS,UNDIRECTED,3,5
BLOODBEARD,HIZDAHR,UNDIRECTED,5,5
BLOODBEARD,TATTERED-PRINCE,UNDIRECTED,3,5
BOROS,MERYN_TRANT,UNDIRECTED,3,5
BOROS,TOMMEN,UNDIRECTED,4,5
BOWEN_MARSH,CELLADOR,UNDIRECTED,8,5
BOWEN_MARSH,EDDISON_TOLLETT,UNDIRECTED,9,5
BOWEN_MARSH,JON,UNDIRECTED,45,5
BOWEN_MARSH,MANCE,UNDIRECTED,5,5
BOWEN_MARSH,OTHELL_YARWYCK,UNDIRECTED,19,5
BOWEN_MARSH,SATIN,UNDIRECTED,3,5
BOWEN_MARSH,STANNIS,UNDIRECTED,3,5
BOWEN_MARSH,TORMUND,UNDIRECTED,5,5
BOWEN_MARSH,WICK-WHITTLESTICK,UNDIRECTED,5,5
BRAN,BRYNDEN-RIVERS,UNDIRECTED,14,5
BRAN,COLDHANDS,UNDIRECTED,6,5
BRAN,NED,UNDIRECTED,4,5
BRAN,HODOR,UNDIRECTED,50,5
BRAN,JOJEN,UNDIRECTED,17,5
BRAN,JON,UNDIRECTED,4,5
BRAN,LEAF,UNDIRECTED,5,5
BRAN,MEERA,UNDIRECTED,33,5
BRAN,RICKON,UNDIRECTED,7,5
BRAN,ROBB,UNDIRECTED,6,5
BRAN,THEON,UNDIRECTED,8,5
BRANDON-NORREY,JON,UNDIRECTED,3,5
BRANDON-NORREY,TORGHEN-FLINT,UNDIRECTED,3,5
BREA,BRUSCO,UNDIRECTED,3,5
BRIENNE,CERSEI,UNDIRECTED,3,5
BRIENNE,JAIME,UNDIRECTED,3,5
BRUS-BUCKLER,MALEGORN,UNDIRECTED,6,5
BRUS-BUCKLER,NARBERT-GRANDISON,UNDIRECTED,4,5
BRUS-BUCKLER,SELYSE-FLORENT,UNDIRECTED,5,5
BRYNDEN-RIVERS,MEERA,UNDIRECTED,3,5
BRYNDEN,JAIME,UNDIRECTED,4,5
BUMP,VARAMYR,UNDIRECTED,5,5
CAGGO,GERRIS-DRINKWATER,UNDIRECTED,3,5
CAGGO,LUCIFER-LONG,UNDIRECTED,3,5
CAGGO,MERIS,UNDIRECTED,7,5
CAGGO,QUENTYN,UNDIRECTED,7,5
CAGGO,TATTERED-PRINCE,UNDIRECTED,4,5
CALEOTTE,DORAN,UNDIRECTED,3,5
CALEOTTE,MOUNTAIN,UNDIRECTED,4,5
CAMARRON,SPOTTED-CAT,UNDIRECTED,3,5
CATELYN,NED,UNDIRECTED,5,5
CELLADOR,CLYDAS,UNDIRECTED,3,5
CELLADOR,JON,UNDIRECTED,3,5
CELLADOR,OTHELL_YARWYCK,UNDIRECTED,8,5
CERSEI,DAENERYS,UNDIRECTED,3,5
CERSEI,DORAN,UNDIRECTED,3,5
CERSEI,DUNSEN,UNDIRECTED,3,5
CERSEI,MOUNTAIN,UNDIRECTED,4,5
CERSEI,HIGH_SPARROW,UNDIRECTED,11,5
CERSEI,ILYN_PAYNE,UNDIRECTED,4,5
CERSEI,JAIME,UNDIRECTED,13,5
CERSEI,JOFFREY,UNDIRECTED,3,5
CERSEI,KEVAN,UNDIRECTED,10,5
CERSEI,LANCEL,UNDIRECTED,6,5
CERSEI,MACE,UNDIRECTED,3,5
CERSEI,MARGAERY,UNDIRECTED,6,5
CERSEI,MERYN_TRANT,UNDIRECTED,3,5
CERSEI,MOELLE,UNDIRECTED,4,5
CERSEI,MYRCELLA,UNDIRECTED,4,5
CERSEI,OSNEY-KETTLEBLACK,UNDIRECTED,3,5
CERSEI,QYBURN,UNDIRECTED,3,5
CERSEI,RAFFORD,UNDIRECTED,3,5
CERSEI,RHAEGAR,UNDIRECTED,3,5
CERSEI,ROBERT,UNDIRECTED,7,5
CERSEI,ROBERT-STRONG,UNDIRECTED,4,5
CERSEI,SCOLERA,UNDIRECTED,5,5
CERSEI,STANNIS,UNDIRECTED,5,5
CERSEI,TOMMEN,UNDIRECTED,13,5
CERSEI,TYRION,UNDIRECTED,5,5
CERSEI,TYWIN,UNDIRECTED,3,5
CERSEI,UNELLA,UNDIRECTED,10,5
CLAYTON-SUGGS,GODRY-FARRING,UNDIRECTED,5,5
CLAYTON-SUGGS,STANNIS,UNDIRECTED,6,5
CLEON,DAENERYS,UNDIRECTED,9,5
CLEON,QUENTYN,UNDIRECTED,3,5
CLETUS-YRONWOOD,DAENERYS,UNDIRECTED,3,5
CLETUS-YRONWOOD,GERRIS-DRINKWATER,UNDIRECTED,5,5
CLETUS-YRONWOOD,KEDRY,UNDIRECTED,3,5
CLETUS-YRONWOOD,QUENTYN,UNDIRECTED,7,5
CLYDAS,JON,UNDIRECTED,20,5
CLYDAS,MULLY,UNDIRECTED,4,5
CLYDAS,STANNIS,UNDIRECTED,3,5
COLDHANDS,HODOR,UNDIRECTED,4,5
COLDHANDS,MEERA,UNDIRECTED,3,5
CORLISS-PENNY,STANNIS,UNDIRECTED,3,5
COTTER-PYKE,DENYS-MALLISTER,UNDIRECTED,4,5
COTTER-PYKE,JON,UNDIRECTED,11,5
COTTER-PYKE,SELYSE-FLORENT,UNDIRECTED,3,5
CROMM,GRIMTONGUE,UNDIRECTED,4,5
CROMM,HAGEN,UNDIRECTED,4,5
DAARIO,DAENERYS,UNDIRECTED,50,5
DAARIO,GREY_WORM,UNDIRECTED,6,5
DAARIO,GROLEO,UNDIRECTED,4,5
DAARIO,HERO,UNDIRECTED,7,5
DAARIO,HIZDAHR,UNDIRECTED,14,5
DAARIO,IRRI,UNDIRECTED,7,5
DAARIO,JHIQUI,UNDIRECTED,5,5
DAARIO,JHOGO,UNDIRECTED,9,5
DAARIO,MISSANDEI,UNDIRECTED,4,5
DAARIO,QUENTYN,UNDIRECTED,5,5
DAARIO,RAKHARO,UNDIRECTED,4,5
DAARIO,SKAHAZ-MO-KANDAQ,UNDIRECTED,9,5
DAENERYS,DAERON,UNDIRECTED,3,5
DAENERYS,DORAN,UNDIRECTED,3,5
DAENERYS,DROGO,UNDIRECTED,7,5
DAENERYS,EROEH,UNDIRECTED,3,5
DAENERYS,EZZARA,UNDIRECTED,3,5
DAENERYS,GALAZZA-GALARE,UNDIRECTED,19,5
DAENERYS,GERRIS-DRINKWATER,UNDIRECTED,15,5
DAENERYS,GHAEL,UNDIRECTED,5,5
DAENERYS,GREY_WORM,UNDIRECTED,11,5
DAENERYS,GROLEO,UNDIRECTED,4,5
DAENERYS,HERO,UNDIRECTED,5,5
DAENERYS,HIZDAHR,UNDIRECTED,96,5
DAENERYS,ILLYRIO,UNDIRECTED,12,5
DAENERYS,IRRI,UNDIRECTED,25,5
DAENERYS,JHIQUI,UNDIRECTED,15,5
DAENERYS,JHOGO,UNDIRECTED,6,5
DAENERYS,JON-CONNINGTON,UNDIRECTED,6,5
DAENERYS,JORAH,UNDIRECTED,4,5
DAENERYS,LYSONO-MAAR,UNDIRECTED,3,5
DAENERYS,MACE,UNDIRECTED,3,5
DAENERYS,MARSELEN,UNDIRECTED,3,5
DAENERYS,MERIS,UNDIRECTED,6,5
DAENERYS,MEZZARA,UNDIRECTED,4,5
DAENERYS,MIKLAZ,UNDIRECTED,3,5
DAENERYS,MISSANDEI,UNDIRECTED,37,5
DAENERYS,MOQORRO,UNDIRECTED,3,5
DAENERYS,PENNY,UNDIRECTED,4,5
DAENERYS,QAVO-NOGARYS,UNDIRECTED,5,5
DAENERYS,QEZZA,UNDIRECTED,6,5
DAENERYS,QUAITHE,UNDIRECTED,6,5
DAENERYS,QUENTYN,UNDIRECTED,58,5
DAENERYS,RAKHARO,UNDIRECTED,7,5
DAENERYS,REZNAK-MO-REZNAK,UNDIRECTED,19,5
DAENERYS,RHAEGAR,UNDIRECTED,10,5
DAENERYS,ROBERT,UNDIRECTED,3,5
DAENERYS,SKAHAZ-MO-KANDAQ,UNDIRECTED,33,5
DAENERYS,SPOTTED-CAT,UNDIRECTED,3,5
DAENERYS,SYMON-STRIPEBACK,UNDIRECTED,4,5
DAENERYS,TATTERED-PRINCE,UNDIRECTED,4,5
DAENERYS,TYRION,UNDIRECTED,17,5
DAENERYS,VARYS,UNDIRECTED,3,5
DAENERYS,VICTARION,UNDIRECTED,7,5
DAENERYS,VISERYS,UNDIRECTED,7,5
DAENERYS,XARO-XHOAN-DAXOS,UNDIRECTED,16,5
DAENERYS,YURKHAZ-ZO-YUNZAK,UNDIRECTED,4,5
DALLA,GILLY,UNDIRECTED,4,5
DALLA,MANCE,UNDIRECTED,5,5
DALLA,MELISANDRE,UNDIRECTED,3,5
DALLA,STANNIS,UNDIRECTED,5,5
DALLA,VAL,UNDIRECTED,5,5
DAMON-DANCE-FOR-ME,GRUNT,UNDIRECTED,3,5
DAMON-DANCE-FOR-ME,RAMSAY,UNDIRECTED,7,5
DAMON-DANCE-FOR-ME,SKINNER,UNDIRECTED,7,5
DAMON-DANCE-FOR-ME,SOUR-ALYN,UNDIRECTED,4,5
DAMON-DANCE-FOR-ME,THEON,UNDIRECTED,5,5
DAVOS-SEAWORTH,NED,UNDIRECTED,4,5
DAVOS-SEAWORTH,GARTH-(WOLFS-DEN),UNDIRECTED,4,5
DAVOS-SEAWORTH,GODRIC-BORRELL,UNDIRECTED,9,5
DAVOS-SEAWORTH,LEONA-WOOLFIELD,UNDIRECTED,3,5
DAVOS-SEAWORTH,MARLON-MANDERLY,UNDIRECTED,5,5
DAVOS-SEAWORTH,MELISANDRE,UNDIRECTED,4,5
DAVOS-SEAWORTH,ROBB,UNDIRECTED,3,5
DAVOS-SEAWORTH,ROBETT-GLOVER,UNDIRECTED,4,5
DAVOS-SEAWORTH,SALLADHOR-SAAN,UNDIRECTED,11,5
DAVOS-SEAWORTH,STANNIS,UNDIRECTED,21,5
DAVOS-SEAWORTH,SYBELL-SPICER,UNDIRECTED,3,5
DAVOS-SEAWORTH,WYMAN-MANDERLY,UNDIRECTED,32,5
DENYS-MALLISTER,JON,UNDIRECTED,4,5
DENZO-DHAN,MERIS,UNDIRECTED,3,5
DEVAN-SEAWORTH,JON,UNDIRECTED,5,5
DEVAN-SEAWORTH,MELISANDRE,UNDIRECTED,4,5
DEVAN-SEAWORTH,STANNIS,UNDIRECTED,14,5
DICK-STRAW,HUGH-HUNGERFORD,UNDIRECTED,3,5
DICK-STRAW,TATTERED-PRINCE,UNDIRECTED,4,5
DONAL-NOYE,JON,UNDIRECTED,7,5
DONAL-NOYE,QHORIN_HALFHAND,UNDIRECTED,3,5
DORAN,ELLARIA,UNDIRECTED,3,5
DORAN,MOUNTAIN,UNDIRECTED,4,5
DORAN,MYRCELLA,UNDIRECTED,5,5
DORAN,NYMERIA,UNDIRECTED,3,5
DORAN,OBARA,UNDIRECTED,4,5
DORAN,OBERYN,UNDIRECTED,5,5
DORAN,QUENTYN,UNDIRECTED,4,5
DORAN,ROBERT,UNDIRECTED,3,5
DORAN,VISERYS,UNDIRECTED,3,5
DRAQAZ,MIKLAZ,UNDIRECTED,3,5
DROGO,VISERYS,UNDIRECTED,4,5
DRYN,TORMUND,UNDIRECTED,3,5
DUNSEN,MOUNTAIN,UNDIRECTED,3,5
DUNSEN,ILYN_PAYNE,UNDIRECTED,3,5
DUNSEN,MERYN_TRANT,UNDIRECTED,3,5
DUNSEN,RAFFORD,UNDIRECTED,3,5
NED,JON,UNDIRECTED,10,5
NED,RAMSAY,UNDIRECTED,4,5
NED,ROBB,UNDIRECTED,6,5
NED,ROBERT,UNDIRECTED,7,5
NED,ROOSE_BOLTON,UNDIRECTED,5,5
NED,SANSA,UNDIRECTED,3,5
NED,STANNIS,UNDIRECTED,6,5
NED,THEON,UNDIRECTED,9,5
NED,WILLAM-DUSTIN,UNDIRECTED,4,5
NED,WYMAN-MANDERLY,UNDIRECTED,4,5
EDDISON_TOLLETT,EMMETT,UNDIRECTED,8,5
EDDISON_TOLLETT,GILLY,UNDIRECTED,3,5
EDDISON_TOLLETT,HOBB,UNDIRECTED,4,5
EDDISON_TOLLETT,JANOS,UNDIRECTED,4,5
EDDISON_TOLLETT,JON,UNDIRECTED,25,5
EDDISON_TOLLETT,MULLY,UNDIRECTED,3,5
EDDISON_TOLLETT,SATIN,UNDIRECTED,3,5
ELIA,RHAEGAR,UNDIRECTED,6,5
EMMETT,HARETH-(MOLES-TOWN),UNDIRECTED,3,5
EMMETT,HOP-ROBIN,UNDIRECTED,4,5
EMMETT,JANOS,UNDIRECTED,4,5
EMMETT,JON,UNDIRECTED,15,5
EMRICK,HARETH-(MOLES-TOWN),UNDIRECTED,3,5
EMRICK,SATIN,UNDIRECTED,3,5
EURON,VICTARION,UNDIRECTED,7,5
FRANKLYN-FLOWERS,JON-CONNINGTON,UNDIRECTED,4,5
FRENYA,HOLLY,UNDIRECTED,6,5
FRENYA,THEON,UNDIRECTED,3,5
FULK,JON,UNDIRECTED,4,5
FULK,MULLY,UNDIRECTED,5,5
GALAZZA-GALARE,GRAZHAR,UNDIRECTED,4,5
GALAZZA-GALARE,HIZDAHR,UNDIRECTED,12,5
GALAZZA-GALARE,REZNAK-MO-REZNAK,UNDIRECTED,5,5
GALAZZA-GALARE,SKAHAZ-MO-KANDAQ,UNDIRECTED,12,5
GARTH-(WOLFS-DEN),SYBELL-SPICER,UNDIRECTED,3,5
GARTH-GREYFEATHER,HAIRY-HAL,UNDIRECTED,4,5
GARTH-GREYFEATHER,JACK-BULWER,UNDIRECTED,4,5
GARTH-GREYFEATHER,JON,UNDIRECTED,3,5
GEROLD-DAYNE,MYRCELLA,UNDIRECTED,3,5
GERRICK-KINGSBLOOD,JON,UNDIRECTED,5,5
GERRICK-KINGSBLOOD,RAYMUN-REDBEARD,UNDIRECTED,3,5
GERRIS-DRINKWATER,HIZDAHR,UNDIRECTED,4,5
GERRIS-DRINKWATER,MERIS,UNDIRECTED,4,5
GERRIS-DRINKWATER,QUENTYN,UNDIRECTED,49,5
GERRIS-DRINKWATER,TATTERED-PRINCE,UNDIRECTED,3,5
GILLY,JON,UNDIRECTED,10,5
GILLY,MANCE,UNDIRECTED,3,5
GILLY,MELISANDRE,UNDIRECTED,4,5
GILLY,SAM,UNDIRECTED,8,5
GODRY-FARRING,JON,UNDIRECTED,3,5
GODRY-FARRING,JUSTIN-MASSEY,UNDIRECTED,3,5
GODRY-FARRING,MANCE,UNDIRECTED,3,5
GODRY-FARRING,MELISANDRE,UNDIRECTED,3,5
GODRY-FARRING,STANNIS,UNDIRECTED,9,5
GOGHOR-THE-GIANT,HIZDAHR,UNDIRECTED,5,5
GOGHOR-THE-GIANT,KHRAZZ,UNDIRECTED,4,5
GOGHOR-THE-GIANT,SPOTTED-CAT,UNDIRECTED,6,5
GRAZHAR,QEZZA,UNDIRECTED,5,5
MOUNTAIN,ILYN_PAYNE,UNDIRECTED,3,5
MOUNTAIN,MERYN_TRANT,UNDIRECTED,3,5
MOUNTAIN,OBERYN,UNDIRECTED,3,5
MOUNTAIN,RAFFORD,UNDIRECTED,3,5
GRENN,PYPAR,UNDIRECTED,3,5
GRENN,TODDER,UNDIRECTED,3,5
GREY_WORM,HIZDAHR,UNDIRECTED,3,5
GREY_WORM,IRRI,UNDIRECTED,4,5
GREY_WORM,SKAHAZ-MO-KANDAQ,UNDIRECTED,6,5
GRIMTONGUE,HAGEN,UNDIRECTED,5,5
GRIMTONGUE,LORREN,UNDIRECTED,5,5
GROLEO,HERO,UNDIRECTED,4,5
GROLEO,JHOGO,UNDIRECTED,5,5
GROLEO,SKAHAZ-MO-KANDAQ,UNDIRECTED,3,5
GRUNT,SOUR-ALYN,UNDIRECTED,7,5
GRUNT,THEON,UNDIRECTED,3,5
HAGEN,LORREN,UNDIRECTED,3,5
HAGEN,QARL-THE-MAID,UNDIRECTED,3,5
HAGEN,TRISTIFER-BOTLEY,UNDIRECTED,3,5
HAGGON,VARAMYR,UNDIRECTED,8,5
HAIRY-HAL,JACK-BULWER,UNDIRECTED,3,5
HAIRY-HAL,JON,UNDIRECTED,4,5
HALDON,ILLYRIO,UNDIRECTED,3,5
HALDON,JON-CONNINGTON,UNDIRECTED,13,5
HALDON,LEMORE,UNDIRECTED,4,5
HALDON,PONO,UNDIRECTED,3,5
HALDON,QAVO-NOGARYS,UNDIRECTED,5,5
HALDON,ROLLY-DUCKFIELD,UNDIRECTED,26,5
HALDON,TYRION,UNDIRECTED,54,5
HALDON,YANDRY,UNDIRECTED,4,5
HALDON,YSILLA,UNDIRECTED,5,5
HARETH-(MOLES-TOWN),HOP-ROBIN,UNDIRECTED,5,5
HARETH-(MOLES-TOWN),JON,UNDIRECTED,10,5
HARETH-(MOLES-TOWN),LEATHERS,UNDIRECTED,3,5
HARETH-(MOLES-TOWN),RORY,UNDIRECTED,4,5
HARETH-(MOLES-TOWN),SATIN,UNDIRECTED,6,5
HARL,LORREN,UNDIRECTED,3,5
HARRY-STRICKLAND,JON-CONNINGTON,UNDIRECTED,18,5
HARRY-STRICKLAND,MYLES-TOYNE,UNDIRECTED,4,5
HARWOOD-STOUT,THEON,UNDIRECTED,5,5
HARYS-SWYFT,PYCELLE,UNDIRECTED,4,5
HERO,JHOGO,UNDIRECTED,8,5
HIGH_SPARROW,KEVAN,UNDIRECTED,5,5
HIGH_SPARROW,UNELLA,UNDIRECTED,6,5
HIZDAHR,IRRI,UNDIRECTED,3,5
HIZDAHR,JHIQUI,UNDIRECTED,3,5
HIZDAHR,KHRAZZ,UNDIRECTED,9,5
HIZDAHR,MARGHAZ-ZO-LORAQ,UNDIRECTED,5,5
HIZDAHR,MISSANDEI,UNDIRECTED,6,5
HIZDAHR,QEZZA,UNDIRECTED,3,5
HIZDAHR,QUENTYN,UNDIRECTED,15,5
HIZDAHR,REZNAK-MO-REZNAK,UNDIRECTED,13,5
HIZDAHR,SKAHAZ-MO-KANDAQ,UNDIRECTED,29,5
HIZDAHR,SPOTTED-CAT,UNDIRECTED,5,5
HIZDAHR,STEELSKIN,UNDIRECTED,3,5
HOBB,JON,UNDIRECTED,4,5
HOBB,MELISANDRE,UNDIRECTED,3,5
HOBB,MULLY,UNDIRECTED,3,5
HOBB,OWEN,UNDIRECTED,5,5
HODOR,JOJEN,UNDIRECTED,11,5
HODOR,MEERA,UNDIRECTED,21,5
HOLLY,JEYNE-POOLE,UNDIRECTED,4,5
HOLLY,ROWAN,UNDIRECTED,3,5
HOLLY,THEON,UNDIRECTED,10,5
HOP-ROBIN,JON,UNDIRECTED,4,5
HOSTEEN,WYMAN-MANDERLY,UNDIRECTED,5,5
HOSTER-BLACKWOOD,JAIME,UNDIRECTED,4,5
HOTHER-UMBER,GREATJON_UMBER,UNDIRECTED,3,5
HOTHER-UMBER,MORS-UMBER,UNDIRECTED,3,5
HOTHER-UMBER,RAMSAY,UNDIRECTED,5,5
HOTHER-UMBER,WYMAN-MANDERLY,UNDIRECTED,5,5
ILLYRIO,JON-CONNINGTON,UNDIRECTED,6,5
ILLYRIO,ROLLY-DUCKFIELD,UNDIRECTED,6,5
ILLYRIO,TYRION,UNDIRECTED,30,5
ILYN_PAYNE,MERYN_TRANT,UNDIRECTED,3,5
ILYN_PAYNE,RAFFORD,UNDIRECTED,3,5
IRRI,JHIQUI,UNDIRECTED,24,5
IRRI,MISSANDEI,UNDIRECTED,9,5
IRRI,RAKHARO,UNDIRECTED,5,5
IRRI,SKAHAZ-MO-KANDAQ,UNDIRECTED,5,5
JACK-BULWER,JON,UNDIRECTED,3,5
JAIME,JONOS_BRACKEN,UNDIRECTED,9,5
JAIME,JOSMYN-PECKLEDON,UNDIRECTED,3,5
JAIME,KEVAN,UNDIRECTED,3,5
JAIME,ROBERT,UNDIRECTED,4,5
JAIME,TYRION,UNDIRECTED,4,5
JAIME,TYTOS-BLACKWOOD,UNDIRECTED,6,5
JANOS,JON,UNDIRECTED,16,5
JARED,RHAEGAR,UNDIRECTED,3,5
JEOR,JON,UNDIRECTED,11,5
JEOR,QHORIN_HALFHAND,UNDIRECTED,3,5
JEYNE-POOLE,RAMSAY,UNDIRECTED,12,5
JEYNE-POOLE,ROOSE_BOLTON,UNDIRECTED,3,5
JEYNE-POOLE,ROWAN,UNDIRECTED,3,5
JEYNE-POOLE,SQUIRREL,UNDIRECTED,3,5
JEYNE-POOLE,THEON,UNDIRECTED,24,5
JHIQUI,MISSANDEI,UNDIRECTED,10,5
JHIQUI,RAKHARO,UNDIRECTED,5,5
JHIQUI,SKAHAZ-MO-KANDAQ,UNDIRECTED,3,5
JHOGO,RAKHARO,UNDIRECTED,6,5
JOFFREY,TOMMEN,UNDIRECTED,3,5
JOFFREY,TYRION,UNDIRECTED,10,5
JOJEN,MEERA,UNDIRECTED,21,5
JON-CONNINGTON,LEMORE,UNDIRECTED,11,5
JON-CONNINGTON,MYLES-TOYNE,UNDIRECTED,9,5
JON-CONNINGTON,NYESSOSHASSAR,UNDIRECTED,3,5
JON-CONNINGTON,RHAEGAR,UNDIRECTED,7,5
JON-CONNINGTON,ROBERT,UNDIRECTED,8,5
JON-CONNINGTON,ROLLY-DUCKFIELD,UNDIRECTED,12,5
JON-CONNINGTON,TYRION,UNDIRECTED,37,5
JON-CONNINGTON,TYWIN,UNDIRECTED,4,5
JON-CONNINGTON,VARYS,UNDIRECTED,6,5
JON-CONNINGTON,YANDRY,UNDIRECTED,9,5
JON,LEATHERS,UNDIRECTED,18,5
JON,MALEGORN,UNDIRECTED,5,5
JON,MANCE,UNDIRECTED,25,5
JON,MELISANDRE,UNDIRECTED,48,5
JON,MULLY,UNDIRECTED,14,5
JON,NARBERT-GRANDISON,UNDIRECTED,3,5
JON,OTHELL_YARWYCK,UNDIRECTED,10,5
JON,OWEN,UNDIRECTED,3,5
JON,PATREK-OF-KINGS-MOUNTAIN,UNDIRECTED,7,5
JON,PYPAR,UNDIRECTED,5,5
JON,QHORIN_HALFHAND,UNDIRECTED,3,5
JON,RATTLESHIRT,UNDIRECTED,23,5
JON,ROBB,UNDIRECTED,10,5
JON,RORY,UNDIRECTED,6,5
JON,SAM,UNDIRECTED,14,5
JON,SANSA,UNDIRECTED,3,5
JON,SATIN,UNDIRECTED,15,5
JON,SELYSE-FLORENT,UNDIRECTED,38,5
JON,SHIREEN,UNDIRECTED,4,5
JON,SIGORN,UNDIRECTED,6,5
JON,SOREN-SHIELDBREAKER,UNDIRECTED,3,5
JON,STANNIS,UNDIRECTED,73,5
JON,TOM-BARLEYCORN,UNDIRECTED,4,5
JON,TOREGG,UNDIRECTED,6,5
JON,TORMUND,UNDIRECTED,50,5
JON,TYCHO-NESTORIS,UNDIRECTED,12,5
JON,ULMER,UNDIRECTED,3,5
JON,VAL,UNDIRECTED,37,5
JON,WEEPER,UNDIRECTED,3,5
JON,WICK-WHITTLESTICK,UNDIRECTED,5,5
JON,WUN-WEG-WUN-DAR-WUN,UNDIRECTED,11,5
JON,YGRITTE,UNDIRECTED,14,5
JORAH,NURSE,UNDIRECTED,4,5
JORAH,PENNY,UNDIRECTED,9,5
JORAH,TYRION,UNDIRECTED,27,5
JORAMUN,MANCE,UNDIRECTED,3,5
JORAMUN,MELISANDRE,UNDIRECTED,4,5
JUSTIN-MASSEY,RICHARD-HORPE,UNDIRECTED,7,5
JUSTIN-MASSEY,STANNIS,UNDIRECTED,10,5
KASPORIO,TYBERO-ISTARION,UNDIRECTED,3,5
KASPORIO,TYRION,UNDIRECTED,3,5
KEDRY,QUENTYN,UNDIRECTED,3,5
KERWIN,VICTARION,UNDIRECTED,12,5
KEVAN,MACE,UNDIRECTED,5,5
KEVAN,PYCELLE,UNDIRECTED,5,5
KEVAN,RANDYLL,UNDIRECTED,6,5
KEVAN,RONNET-CONNINGTON,UNDIRECTED,3,5
KEVAN,TOMMEN,UNDIRECTED,11,5
KEVAN,TYWIN,UNDIRECTED,3,5
KEVAN,VARYS,UNDIRECTED,3,5
KHRAZZ,SPOTTED-CAT,UNDIRECTED,4,5
KHRAZZ,STEELSKIN,UNDIRECTED,3,5
KINDLY-MAN,WAIF,UNDIRECTED,6,5
LEAF,MEERA,UNDIRECTED,6,5
LEATHERS,TOREGG,UNDIRECTED,4,5
LEATHERS,TORMUND,UNDIRECTED,3,5
LEATHERS,WUN-WEG-WUN-DAR-WUN,UNDIRECTED,9,5
LEMORE,ROLLY-DUCKFIELD,UNDIRECTED,5,5
LEMORE,TYRION,UNDIRECTED,16,5
LEMORE,YANDRY,UNDIRECTED,5,5
LEMORE,YSILLA,UNDIRECTED,3,5
LEONA-WOOLFIELD,WYMAN-MANDERLY,UNDIRECTED,4,5
LONGWATER-PYKE,VICTARION,UNDIRECTED,3,5
LORREN,SYBELLE-GLOVER,UNDIRECTED,3,5
LUTON,SKINNER,UNDIRECTED,3,5
LYANNA,STANNIS,UNDIRECTED,3,5
LYANNA,RHAEGAR,UNDIRECTED,4,5
MACE,PYCELLE,UNDIRECTED,4,5
MACE,RANDYLL,UNDIRECTED,5,5
MACE,ROBERT-STRONG,UNDIRECTED,3,5
MAEGE,ROBB,UNDIRECTED,4,5
MALAQUO-MAEGYR,NYESSOSHASSAR,UNDIRECTED,7,5
MALEGORN,NARBERT-GRANDISON,UNDIRECTED,3,5
MALEGORN,SELYSE-FLORENT,UNDIRECTED,5,5
MANCE,MELISANDRE,UNDIRECTED,6,5
MANCE,RAMSAY,UNDIRECTED,7,5
MANCE,ROWAN,UNDIRECTED,4,5
MANCE,SQUIRREL,UNDIRECTED,5,5
MANCE,STANNIS,UNDIRECTED,16,5
MANCE,THEON,UNDIRECTED,9,5
MANCE,TORMUND,UNDIRECTED,12,5
MANCE,VAL,UNDIRECTED,6,5
MANCE,VARAMYR,UNDIRECTED,3,5
MARLON-MANDERLY,STANNIS,UNDIRECTED,3,5
MARSELEN,SYMON-STRIPEBACK,UNDIRECTED,4,5
MARYA,STANNIS,UNDIRECTED,3,5
MELISANDRE,RATTLESHIRT,UNDIRECTED,6,5
MELISANDRE,SELYSE-FLORENT,UNDIRECTED,11,5
MELISANDRE,SIGORN,UNDIRECTED,3,5
MELISANDRE,STANNIS,UNDIRECTED,32,5
MELISANDRE,YGRITTE,UNDIRECTED,3,5
MERIS,QUENTYN,UNDIRECTED,14,5
MERIS,TATTERED-PRINCE,UNDIRECTED,9,5
MERYN_TRANT,RAFFORD,UNDIRECTED,3,5
MEZZARA,QEZZA,UNDIRECTED,3,5
MIKLAZ,QEZZA,UNDIRECTED,4,5
MISSANDEI,QUENTYN,UNDIRECTED,3,5
MISSANDEI,SKAHAZ-MO-KANDAQ,UNDIRECTED,6,5
MOELLE,SCOLERA,UNDIRECTED,10,5
MOELLE,UNELLA,UNDIRECTED,12,5
MOQORRO,RODRIK-SPARR,UNDIRECTED,4,5
MOQORRO,TYRION,UNDIRECTED,7,5
MOQORRO,VICTARION,UNDIRECTED,21,5
MORGO,TYRION,UNDIRECTED,4,5
MORS-UMBER,STANNIS,UNDIRECTED,7,5
MYRCELLA,STANNIS,UNDIRECTED,3,5
MYRCELLA,TOMMEN,UNDIRECTED,8,5
MYRCELLA,TRYSTANE,UNDIRECTED,4,5
MYRCELLA,TYRION,UNDIRECTED,5,5
NARBERT-GRANDISON,PATREK-OF-KINGS-MOUNTAIN,UNDIRECTED,3,5
NARBERT-GRANDISON,SELYSE-FLORENT,UNDIRECTED,8,5
NURSE,PENNY,UNDIRECTED,4,5
NURSE,TYRION,UNDIRECTED,8,5
NURSE,YEZZAN-ZO-QAGGAZ,UNDIRECTED,12,5
NYMERIA,OBARA,UNDIRECTED,8,5
NYMERIA,TYENE,UNDIRECTED,7,5
OBARA,TYENE,UNDIRECTED,6,5
OLD-BILL-BONE,QUENTYN,UNDIRECTED,3,5
OTHELL_YARWYCK,WEEPER,UNDIRECTED,4,5
PATCHFACE,SELYSE-FLORENT,UNDIRECTED,3,5
PATCHFACE,SHIREEN,UNDIRECTED,3,5
PATREK-OF-KINGS-MOUNTAIN,SELYSE-FLORENT,UNDIRECTED,7,5
PATREK-OF-KINGS-MOUNTAIN,WUN-WEG-WUN-DAR-WUN,UNDIRECTED,3,5
PENNY,SWEETS,UNDIRECTED,4,5
PENNY,TYRION,UNDIRECTED,59,5
PENNY,YEZZAN-ZO-QAGGAZ,UNDIRECTED,9,5
LITTLEFINGER,VARYS,UNDIRECTED,4,5
PYPAR,TODDER,UNDIRECTED,4,5
QARL-THE-MAID,TRISTIFER-BOTLEY,UNDIRECTED,5,5
QAVO-NOGARYS,TYRION,UNDIRECTED,6,5
QUENTYN,TATTERED-PRINCE,UNDIRECTED,14,5
QYBURN,ROBERT-STRONG,UNDIRECTED,4,5
RALF-(LIMPER),VICTARION,UNDIRECTED,3,5
RAMSAY,ROOSE_BOLTON,UNDIRECTED,14,5
RAMSAY,SKINNER,UNDIRECTED,5,5
RAMSAY,SOUR-ALYN,UNDIRECTED,6,5
RAMSAY,STANNIS,UNDIRECTED,8,5
RAMSAY,THEON,UNDIRECTED,87,5
RAMSAY,WALDER-(SON-OF-MERRETT),UNDIRECTED,3,5
RAMSAY,WYMAN-MANDERLY,UNDIRECTED,5,5
RAMSAY,YELLOW-DICK,UNDIRECTED,7,5
RANDYLL,ROBERT-STRONG,UNDIRECTED,3,5
REZNAK-MO-REZNAK,SKAHAZ-MO-KANDAQ,UNDIRECTED,5,5
RHAEGAR,WYMAN-MANDERLY,UNDIRECTED,3,5
RHAEGAR,ROBERT,UNDIRECTED,7,5
RICHARD-HORPE,STANNIS,UNDIRECTED,3,5
RICKON,ROBB,UNDIRECTED,3,5
RICKON,THEON,UNDIRECTED,4,5
ROBB,RODRIK,UNDIRECTED,3,5
ROBB,STANNIS,UNDIRECTED,6,5
ROBB,THEON,UNDIRECTED,7,5
ROBB,WYMAN-MANDERLY,UNDIRECTED,3,5
ROBERT,STANNIS,UNDIRECTED,11,5
ROBERT,TOMMEN,UNDIRECTED,4,5
ROBERT,TYWIN,UNDIRECTED,3,5
ROBERT,VAL,UNDIRECTED,3,5
ROBERT,VISERYS,UNDIRECTED,3,5
ROBERT,WILLAM-DUSTIN,UNDIRECTED,3,5
ROBETT-GLOVER,STANNIS,UNDIRECTED,4,5
RODRIK,THEON,UNDIRECTED,3,5
RODRIK-SPARR,VICTARION,UNDIRECTED,7,5
ROGER-RYSWELL,THEON,UNDIRECTED,4,5
ROLLY-DUCKFIELD,TYRION,UNDIRECTED,20,5
ROLLY-DUCKFIELD,YANDRY,UNDIRECTED,12,5
ROLLY-DUCKFIELD,YSILLA,UNDIRECTED,9,5
ROOSE_BOLTON,STANNIS,UNDIRECTED,13,5
ROOSE_BOLTON,THEON,UNDIRECTED,14,5
ROOSE_BOLTON,WALDA-(DAUGHTER-OF-MERRETT),UNDIRECTED,4,5
ROOSE_BOLTON,WYMAN-MANDERLY,UNDIRECTED,5,5
ROOSE-RYSWELL,STANNIS,UNDIRECTED,3,5
ROWAN,SQUIRREL,UNDIRECTED,5,5
ROWAN,THEON,UNDIRECTED,12,5
SALLADHOR-SAAN,STANNIS,UNDIRECTED,8,5
SAM,STANNIS,UNDIRECTED,8,5
SATIN,SELYSE-FLORENT,UNDIRECTED,4,5
SCAR,TYRION,UNDIRECTED,8,5
SCAR,YEZZAN-ZO-QAGGAZ,UNDIRECTED,4,5
SCOLERA,UNELLA,UNDIRECTED,12,5
SELYSE-FLORENT,SHIREEN,UNDIRECTED,8,5
SELYSE-FLORENT,STANNIS,UNDIRECTED,14,5
SELYSE-FLORENT,VAL,UNDIRECTED,15,5
SELYSE-FLORENT,WUN-WEG-WUN-DAR-WUN,UNDIRECTED,5,5
SHAE,TYSHA,UNDIRECTED,4,5
SHIREEN,STANNIS,UNDIRECTED,4,5
SHIREEN,VAL,UNDIRECTED,4,5
SHROUDED-LORD,TYRION,UNDIRECTED,4,5
SIGORN,STANNIS,UNDIRECTED,3,5
SKINNER,SOUR-ALYN,UNDIRECTED,6,5
SKINNER,THEON,UNDIRECTED,4,5
SOUR-ALYN,THEON,UNDIRECTED,8,5
SOUR-ALYN,YELLOW-DICK,UNDIRECTED,3,5
SQUIRREL,THEON,UNDIRECTED,7,5
STANNIS,THEOMORE,UNDIRECTED,3,5
STANNIS,THEON,UNDIRECTED,10,5
STANNIS,TOMMEN,UNDIRECTED,7,5
STANNIS,TYCHO-NESTORIS,UNDIRECTED,7,5
STANNIS,TYRION,UNDIRECTED,3,5
STANNIS,TYWIN,UNDIRECTED,3,5
STANNIS,VAL,UNDIRECTED,15,5
STANNIS,WILLIAM-FOXGLOVE,UNDIRECTED,3,5
STANNIS,WYMAN-MANDERLY,UNDIRECTED,19,5
SWEETS,TYRION,UNDIRECTED,7,5
SWEETS,YEZZAN-ZO-QAGGAZ,UNDIRECTED,6,5
SYBELL-SPICER,WYMAN-MANDERLY,UNDIRECTED,3,5
THEOMORE,WYMAN-MANDERLY,UNDIRECTED,3,5
THEON,WALDA-(DAUGHTER-OF-MERRETT),UNDIRECTED,3,5
THEON,WALDER-(SON-OF-JAMMOS),UNDIRECTED,6,5
THEON,WALDER-(SON-OF-MERRETT),UNDIRECTED,6,5
THEON,WEX-PYKE,UNDIRECTED,3,5
THEON,WILLOW-WITCH-EYE,UNDIRECTED,4,5
THEON,WYMAN-MANDERLY,UNDIRECTED,3,5
THEON,YELLOW-DICK,UNDIRECTED,5,5
THISTLE,VARAMYR,UNDIRECTED,7,5
TOREGG,TORMUND,UNDIRECTED,8,5
TORMUND,VAL,UNDIRECTED,9,5
TORMUND,WEEPER,UNDIRECTED,9,5
TYBERO-ISTARION,TYRION,UNDIRECTED,8,5
TYRION,TYSHA,UNDIRECTED,4,5
TYRION,TYWIN,UNDIRECTED,18,5
TYRION,VARYS,UNDIRECTED,7,5
TYRION,YANDRY,UNDIRECTED,15,5
TYRION,YEZZAN-ZO-QAGGAZ,UNDIRECTED,17,5
TYRION,YSILLA,UNDIRECTED,11,5
TYWIN,WYLIS-MANDERLY,UNDIRECTED,3,5
VICTARION,WULFE,UNDIRECTED,3,5
WALDER-(SON-OF-JAMMOS),WALDER-(SON-OF-MERRETT),UNDIRECTED,10,5
YANDRY,YSILLA,UNDIRECTED,14,5